{
"apiVersion": "V2",
"assemblies": [
{
  "files": [
    {
      "filePath": "data_summary.tsv",
      "fileType": "DATA_TABLE"
    },
    {
      "filePath": "assembly_data_report.jsonl",
      "fileType": "DATA_REPORT"
    }
  ]
},{
  "accession": "GCA_000018045.1",
  "files": [
    {
      "filePath": "GCA_000018045.1/GCA_000018045.1_ASM1804v1_genomic.fna",
      "fileType": "GENOMIC_NUCLEOTIDE_FASTA"
    },
    {
      "filePath": "GCA_000018045.1/genomic.gtf",
      "fileType": "GTF"
    },
    {
      "filePath": "GCA_000018045.1/genomic.gff",
      "fileType": "GFF3"
    },
    {
      "filePath": "GCA_000018045.1/genomic.gbff",
      "fileType": "GENBANK_FLAT_FILE"
    },
    {
      "filePath": "GCA_000018045.1/cds_from_genomic.fna",
      "fileType": "CDS_NUCLEOTIDE_FASTA"
    }
  ]
},{
  "accession": "GCF_000018045.1",
  "files": [
    {
      "filePath": "GCF_000018045.1/GCF_000018045.1_ASM1804v1_genomic.fna",
      "fileType": "GENOMIC_NUCLEOTIDE_FASTA"
    },
    {
      "filePath": "GCF_000018045.1/genomic.gtf",
      "fileType": "GTF"
    },
    {
      "filePath": "GCF_000018045.1/genomic.gff",
      "fileType": "GFF3"
    },
    {
      "filePath": "GCF_000018045.1/genomic.gbff",
      "fileType": "GENBANK_FLAT_FILE"
    },
    {
      "filePath": "GCF_000018045.1/cds_from_genomic.fna",
      "fileType": "CDS_NUCLEOTIDE_FASTA"
    }
  ]
}]}
